slug,asset_contract
autoglyphs,0xd4e4078ca3495de5b1d4db434bebc5a986197782
boredapeyachtclub,0xbc4ca0eda7647a8ab7c2061c2e118a18a936f13d
chromie-squiggle-by-snowfro,0x059edd72cd353df5106d2b9cc5ab83a52287ac3a
clonex,0x49cf6f5d44e70224e2e23fdcdd2c053f30ada28bm
cryptopunks,0xb7f7f6c52f2e2fdb1963eab30438024864c313f6
cyberbrokers,0x892848074ddea461a15f337250da3ce55580ca85
doodles-official,0x8a90cab2b38dba80c64b7734e58ee1db38b8992e
fidenza-by-tyler-hobbs,0xa7d8d9ef8d8ce8992df33d8b8cf4aebabd5bd270
goblintownwtf,0xbce3781ae7ca1a5e050bd9c4c77369867ebc307e
meebits,0x7bd29408f11d2bfc23c34f18275bbf23bb716bc7
mutant-ape-yacht-club,0x60e4d786628fea6478f785a6d7e704777c86a7c6
nouns,0x9c8ff314c9bc7f6e59a9d9225fb22946427edc03
proof-moonbirds,0x23581767a106ae21c074b2276d25e5c3e136a68b
ringers-by-dmitri-cherniak,0xa7d8d9ef8d8ce8992df33d8b8cf4aebabd5bd270
veefriends,0xa3aee8bce55beea1951ef834b99f3ac60d1abeeb
world-of-women-nft,0xe785e82358879f061bc3dcac6f0444462d4b5330
otherdeed,0x34d85c9cdeb23fa97cb08333b511ac86e1c4e258
azuki,0xed5af388653567af2f388e6224dc7c4b3241c544
bored-ape-kennel-club,0xba30e5f9bb24caa003e9f2f0497ad287fdf95623
cool-cats-nft,0x1a92f7381b9f03921564a437210bb9396471050c
cryptoadz-by-gremplin,0x1cb1a5e65610aeff2551a50f76a87a7d3fb649c6
cryptodickbutts-s3,0x42069abfe407c60cf4ae4112bedead391dba1cdb
cyberkongz,0x57a204aa1042f6e66dd7730813f4024114d74f37
deafbeef,0xd754937672300ae6708a51229112de4017810934
nftrees,0xeaa4c58427c184413b04db47889b28b5c98ebb7b
thecurrency,0xaadc2d4261199ce24a4b0a57370c4fcf43bb60aa
digidaigaku,0xaadc2d4261199ce24a4b0a57370c4fcf43bb60aa
construction-token-by-jeff-davis,0x059edd72cd353df5106d2b9cc5ab83a52287ac3a
space-doodles-official,0x620b70123fb810f6c653da7644b5dd0b6312e4d8